"Status","Start Time","Stop Time","Duration in ms","Parent Suite","Suite","Sub Suite","Test Class","Test Method","Name","Description"
"passed","Mon Oct 05 16:40:05 UTC 2026","Mon Oct 05 16:40:05 UTC 2026","54","tests","test_locale_isolation","TestLocaleIsolation","","","test_wrong_nav_language_absent[se]","TC-NL-03: Navigation must not contain any other locale's nav item text."
"passed","Mon Oct 05 16:40:12 UTC 2026","Mon Oct 05 16:40:13 UTC 2026","1619","tests","test_mobile","TestMobileViewport","","","test_html_lang_matches_locale_on_mobile[de]","TC-MB-01: HTML lang attribute is correct when viewed on a mobile viewport."
"passed","Mon Oct 05 16:40:07 UTC 2026","Mon Oct 05 16:40:07 UTC 2026","3","tests","test_locale_isolation","TestLocaleIsolation","","","test_wrong_html_lang_absent[de]","TC-NL-06: HTML lang attribute must not be set to another locale's language code."
"passed","Mon Oct 05 16:39:38 UTC 2026","Mon Oct 05 16:39:38 UTC 2026","7","tests","test_homepage","TestHomepage","","","test_navigation_language[de]","TC-HP-02: Navigation bar contains the expected locale nav item."
"passed","Mon Oct 05 16:41:53 UTC 2026","Mon Oct 05 16:41:55 UTC 2026","1978","tests","test_search_results","TestSearchResults","","","test_search_results_language[de]","TC-SR-02: Results summary is not empty and page is in the correct language."
"passed","Mon Oct 05 16:39:45 UTC 2026","Mon Oct 05 16:39:48 UTC 2026","3415","tests","test_locale_isolation","TestLocaleIsolation","","","test_wrong_currency_absent_from_price[de]","TC-NL-01: Product price must not contain any other locale's currency symbol."
"passed","Mon Oct 05 16:40:29 UTC 2026","Mon Oct 05 16:40:33 UTC 2026","4132","tests","test_mobile","TestMobileViewport","","","test_currency_symbol_correct_on_mobile[se]","TC-MB-02: Currency symbol is correct on a product page viewed on mobile."
"passed","Mon Oct 05 16:41:32 UTC 2026","Mon Oct 05 16:41:34 UTC 2026","1914","tests","test_product_page","TestProductPage","","","test_add_to_cart_button_language[us]","TC-PP-04: Add-to-cart button text matches locale config."
"passed","Mon Oct 05 16:39:21 UTC 2026","Mon Oct 05 16:39:24 UTC 2026","3161","tests","test_footer","TestFooter","","","test_cookie_consent_language[us]","TC-FT-02: Cookie consent button text matches locale before cookies accepted."
"passed","Mon Oct 05 16:40:40 UTC 2026","Mon Oct 05 16:40:42 UTC 2026","2352","tests","test_product_page","TestProductPage","","","test_currency_symbol_correct[us]","TC-PP-01: Currency symbol in price matches locale config."
"passed","Mon Oct 05 16:39:24 UTC 2026","Mon Oct 05 16:39:26 UTC 2026","1602","tests","test_footer","TestFooter","","","test_cookie_consent_language[se]","TC-FT-02: Cookie consent button text matches locale before cookies accepted."
"passed","Mon Oct 05 16:39:17 UTC 2026","Mon Oct 05 16:39:17 UTC 2026","45","tests","test_footer","TestFooter","","","test_footer_text_present[us]","TC-FT-01: Footer contains IKEA copyright notice on all locales."
"passed","Mon Oct 05 16:41:40 UTC 2026","Mon Oct 05 16:41:42 UTC 2026","1982","tests","test_search_results","TestSearchResults","","","test_search_price_currency[de]","TC-SR-01: First search result price contains the locale currency symbol."
"passed","Mon Oct 05 16:41:50 UTC 2026","Mon Oct 05 16:41:52 UTC 2026","1922","tests","test_search_results","TestSearchResults","","","test_search_price_currency[se]","TC-SR-01: First search result price contains the locale currency symbol."
"passed","Mon Oct 05 16:41:46 UTC 2026","Mon Oct 05 16:41:48 UTC 2026","1593","tests","test_search_results","TestSearchResults","","","test_search_price_currency[us]","TC-SR-01: First search result price contains the locale currency symbol."
"passed","Mon Oct 05 16:39:43 UTC 2026","Mon Oct 05 16:39:43 UTC 2026","5","tests","test_homepage","TestHomepage","","","test_navigation_language[se]","TC-HP-02: Navigation bar contains the expected locale nav item."
"passed","Mon Oct 05 16:39:20 UTC 2026","Mon Oct 05 16:39:20 UTC 2026","8","tests","test_footer","TestFooter","","","test_footer_text_present[se]","TC-FT-01: Footer contains IKEA copyright notice on all locales."
"passed","Mon Oct 05 16:39:41 UTC 2026","Mon Oct 05 16:39:41 UTC 2026","57","tests","test_homepage","TestHomepage","","","test_navigation_language[us]","TC-HP-02: Navigation bar contains the expected locale nav item."
"passed","Mon Oct 05 16:40:23 UTC 2026","Mon Oct 05 16:40:29 UTC 2026","5869","tests","test_mobile","TestMobileViewport","","","test_currency_symbol_correct_on_mobile[us]","TC-MB-02: Currency symbol is correct on a product page viewed on mobile."
"passed","Mon Oct 05 16:40:11 UTC 2026","Mon Oct 05 16:40:11 UTC 2026","25","tests","test_locale_isolation","TestLocaleIsolation","","","test_wrong_html_lang_absent[se]","TC-NL-06: HTML lang attribute must not be set to another locale's language code."
"passed","Mon Oct 05 16:40:49 UTC 2026","Mon Oct 05 16:40:51 UTC 2026","2336","tests","test_product_page","TestProductPage","","","test_price_format_correct[de]","TC-PP-02: Price uses correct decimal separator and symbol position."
"passed","Mon Oct 05 16:41:07 UTC 2026","Mon Oct 05 16:41:10 UTC 2026","2493","tests","test_product_page","TestProductPage","","","test_dimensions_in_correct_units[us]","TC-PP-03: Product dimensions text contains the locale unit."
"passed","Mon Oct 05 16:39:15 UTC 2026","Mon Oct 05 16:39:15 UTC 2026","14","tests","test_footer","TestFooter","","","test_footer_text_present[de]","TC-FT-01: Footer contains IKEA copyright notice on all locales."
"passed","Mon Oct 05 16:39:20 UTC 2026","Mon Oct 05 16:39:21 UTC 2026","1647","tests","test_footer","TestFooter","","","test_cookie_consent_language[de]","TC-FT-02: Cookie consent button text matches locale before cookies accepted."
"passed","Mon Oct 05 16:41:12 UTC 2026","Mon Oct 05 16:41:14 UTC 2026","2038","tests","test_product_page","TestProductPage","","","test_dimensions_in_correct_units[se]","TC-PP-03: Product dimensions text contains the locale unit."
"passed","Mon Oct 05 16:39:51 UTC 2026","Mon Oct 05 16:39:54 UTC 2026","2338","tests","test_locale_isolation","TestLocaleIsolation","","","test_wrong_currency_absent_from_price[us]","TC-NL-01: Product price must not contain any other locale's currency symbol."
"passed","Mon Oct 05 16:40:16 UTC 2026","Mon Oct 05 16:40:19 UTC 2026","2154","tests","test_mobile","TestMobileViewport","","","test_html_lang_matches_locale_on_mobile[se]","TC-MB-01: HTML lang attribute is correct when viewed on a mobile viewport."
"passed","Mon Oct 05 16:40:44 UTC 2026","Mon Oct 05 16:40:47 UTC 2026","2798","tests","test_product_page","TestProductPage","","","test_currency_symbol_correct[se]","TC-PP-01: Currency symbol in price matches locale config."
"passed","Mon Oct 05 16:40:59 UTC 2026","Mon Oct 05 16:41:01 UTC 2026","2429","tests","test_product_page","TestProductPage","","","test_price_format_correct[se]","TC-PP-02: Price uses correct decimal separator and symbol position."
"passed","Mon Oct 05 16:39:35 UTC 2026","Mon Oct 05 16:39:35 UTC 2026","10","tests","test_homepage","TestHomepage","","","test_html_lang_matches_locale[us]","TC-HP-01: HTML lang attribute matches the expected locale value."
"passed","Mon Oct 05 16:40:55 UTC 2026","Mon Oct 05 16:40:57 UTC 2026","2395","tests","test_product_page","TestProductPage","","","test_price_format_correct[us]","TC-PP-02: Price uses correct decimal separator and symbol position."
"passed","Mon Oct 05 16:39:36 UTC 2026","Mon Oct 05 16:39:36 UTC 2026","11","tests","test_homepage","TestHomepage","","","test_html_lang_matches_locale[se]","TC-HP-01: HTML lang attribute matches the expected locale value."
"passed","Mon Oct 05 16:40:35 UTC 2026","Mon Oct 05 16:40:37 UTC 2026","2222","tests","test_product_page","TestProductPage","","","test_currency_symbol_correct[de]","TC-PP-01: Currency symbol in price matches locale config."
"passed","Mon Oct 05 16:41:16 UTC 2026","Mon Oct 05 16:41:29 UTC 2026","13599","tests","test_product_page","TestProductPage","","","test_add_to_cart_button_language[de]","TC-PP-04: Add-to-cart button text matches locale config."
"passed","Mon Oct 05 16:40:00 UTC 2026","Mon Oct 05 16:40:00 UTC 2026","69","tests","test_locale_isolation","TestLocaleIsolation","","","test_wrong_nav_language_absent[de]","TC-NL-03: Navigation must not contain any other locale's nav item text."
"passed","Mon Oct 05 16:42:03 UTC 2026","Mon Oct 05 16:42:05 UTC 2026","1754","tests","test_search_results","TestSearchResults","","","test_search_results_language[se]","TC-SR-02: Results summary is not empty and page is in the correct language."
"passed","Mon Oct 05 16:40:04 UTC 2026","Mon Oct 05 16:40:04 UTC 2026","59","tests","test_locale_isolation","TestLocaleIsolation","","","test_wrong_nav_language_absent[us]","TC-NL-03: Navigation must not contain any other locale's nav item text."
"passed","Mon Oct 05 16:41:03 UTC 2026","Mon Oct 05 16:41:05 UTC 2026","2725","tests","test_product_page","TestProductPage","","","test_dimensions_in_correct_units[de]","TC-PP-03: Product dimensions text contains the locale unit."
"passed","Mon Oct 05 16:41:59 UTC 2026","Mon Oct 05 16:42:01 UTC 2026","1935","tests","test_search_results","TestSearchResults","","","test_search_results_language[us]","TC-SR-02: Results summary is not empty and page is in the correct language."
"passed","Mon Oct 05 16:40:19 UTC 2026","Mon Oct 05 16:40:23 UTC 2026","4275","tests","test_mobile","TestMobileViewport","","","test_currency_symbol_correct_on_mobile[de]","TC-MB-02: Currency symbol is correct on a product page viewed on mobile."
"passed","Mon Oct 05 16:39:31 UTC 2026","Mon Oct 05 16:39:31 UTC 2026","9","tests","test_homepage","TestHomepage","","","test_html_lang_matches_locale[de]","TC-HP-01: HTML lang attribute matches the expected locale value."
"passed","Mon Oct 05 16:41:36 UTC 2026","Mon Oct 05 16:41:38 UTC 2026","2915","tests","test_product_page","TestProductPage","","","test_add_to_cart_button_language[se]","TC-PP-04: Add-to-cart button text matches locale config."
"passed","Mon Oct 05 16:40:13 UTC 2026","Mon Oct 05 16:40:16 UTC 2026","3069","tests","test_mobile","TestMobileViewport","","","test_html_lang_matches_locale_on_mobile[us]","TC-MB-01: HTML lang attribute is correct when viewed on a mobile viewport."
"passed","Mon Oct 05 16:39:56 UTC 2026","Mon Oct 05 16:39:58 UTC 2026","2869","tests","test_locale_isolation","TestLocaleIsolation","","","test_wrong_currency_absent_from_price[se]","TC-NL-01: Product price must not contain any other locale's currency symbol."
"passed","Mon Oct 05 16:40:10 UTC 2026","Mon Oct 05 16:40:10 UTC 2026","41","tests","test_locale_isolation","TestLocaleIsolation","","","test_wrong_html_lang_absent[us]","TC-NL-06: HTML lang attribute must not be set to another locale's language code."
